text,concept,count,User_ID
i am in love with the decor here. I feel amazing today. This office party is pretty lame. Jack from accounting was pretty mean today.i am in love with the decor here. I feel amazing today. This office party is pretty lame. Jack from accounting was pretty mean today.i am in love with the decor here. I feel amazing today. This office party is pretty lame. Jack from accounting was pretty mean today.i am in love with the decor here. I feel amazing today. This office party is pretty lame. Jack from accounting was pretty mean today.i am in love with the decor here. I feel amazing today. This office party is pretty lame. Jack from accounting was pretty mean today.i am in love with the decor here. I feel amazing today. This office party is pretty lame. Jack from accounting was pretty mean today.i am in love with the decor here. I feel amazing today. This office party is pretty lame. Jack from accounting was pretty mean today.i am in love with the decor here. I feel amazing today. This office party is pretty lame. Jack from accounting was pretty mean today.i am in love with the decor here. I feel amazing today. This office party is pretty lame. Jack from accounting was pretty mean today.i am in love with the decor here. I feel amazing today. This office party is pretty lame. Jack from accounting was pretty mean today.i am in love with the decor here. I feel amazing today. This office party is pretty lame. Jack from accounting was pretty mean today.,decor,11,1234
i am in love with the decor here. I feel amazing today. This office party is pretty lame. Jack from accounting was pretty mean today.i am in love with the decor here. I feel amazing today. This office party is pretty lame. Jack from accounting was pretty mean today.i am in love with the decor here. I feel amazing today. This office party is pretty lame. Jack from accounting was pretty mean today.i am in love with the decor here. I feel amazing today. This office party is pretty lame. Jack from accounting was pretty mean today.i am in love with the decor here. I feel amazing today. This office party is pretty lame. Jack from accounting was pretty mean today.i am in love with the decor here. I feel amazing today. This office party is pretty lame. Jack from accounting was pretty mean today.i am in love with the decor here. I feel amazing today. This office party is pretty lame. Jack from accounting was pretty mean today.i am in love with the decor here. I feel amazing today. This office party is pretty lame. Jack from accounting was pretty mean today.i am in love with the decor here. I feel amazing today. This office party is pretty lame. Jack from accounting was pretty mean today.i am in love with the decor here. I feel amazing today. This office party is pretty lame. Jack from accounting was pretty mean today.i am in love with the decor here. I feel amazing today. This office party is pretty lame. Jack from accounting was pretty mean today.,today.,22,1234
i am in love with the decor here. I feel amazing today. This office party is pretty lame. Jack from accounting was pretty mean today.i am in love with the decor here. I feel amazing today. This office party is pretty lame. Jack from accounting was pretty mean today.i am in love with the decor here. I feel amazing today. This office party is pretty lame. Jack from accounting was pretty mean today.i am in love with the decor here. I feel amazing today. This office party is pretty lame. Jack from accounting was pretty mean today.i am in love with the decor here. I feel amazing today. This office party is pretty lame. Jack from accounting was pretty mean today.i am in love with the decor here. I feel amazing today. This office party is pretty lame. Jack from accounting was pretty mean today.i am in love with the decor here. I feel amazing today. This office party is pretty lame. Jack from accounting was pretty mean today.i am in love with the decor here. I feel amazing today. This office party is pretty lame. Jack from accounting was pretty mean today.i am in love with the decor here. I feel amazing today. This office party is pretty lame. Jack from accounting was pretty mean today.i am in love with the decor here. I feel amazing today. This office party is pretty lame. Jack from accounting was pretty mean today.i am in love with the decor here. I feel amazing today. This office party is pretty lame. Jack from accounting was pretty mean today.,Jack,11,1234
i am in love with the decor here. I feel amazing today. This office party is pretty lame. Jack from accounting was pretty mean today.i am in love with the decor here. I feel amazing today. This office party is pretty lame. Jack from accounting was pretty mean today.i am in love with the decor here. I feel amazing today. This office party is pretty lame. Jack from accounting was pretty mean today.i am in love with the decor here. I feel amazing today. This office party is pretty lame. Jack from accounting was pretty mean today.i am in love with the decor here. I feel amazing today. This office party is pretty lame. Jack from accounting was pretty mean today.i am in love with the decor here. I feel amazing today. This office party is pretty lame. Jack from accounting was pretty mean today.i am in love with the decor here. I feel amazing today. This office party is pretty lame. Jack from accounting was pretty mean today.i am in love with the decor here. I feel amazing today. This office party is pretty lame. Jack from accounting was pretty mean today.i am in love with the decor here. I feel amazing today. This office party is pretty lame. Jack from accounting was pretty mean today.i am in love with the decor here. I feel amazing today. This office party is pretty lame. Jack from accounting was pretty mean today.i am in love with the decor here. I feel amazing today. This office party is pretty lame. Jack from accounting was pretty mean today.,pretty,22,1234
i am in love with the decor here. I feel amazing today. This office party is pretty lame. Jack from accounting was pretty mean today.i am in love with the decor here. I feel amazing today. This office party is pretty lame. Jack from accounting was pretty mean today.i am in love with the decor here. I feel amazing today. This office party is pretty lame. Jack from accounting was pretty mean today.i am in love with the decor here. I feel amazing today. This office party is pretty lame. Jack from accounting was pretty mean today.i am in love with the decor here. I feel amazing today. This office party is pretty lame. Jack from accounting was pretty mean today.i am in love with the decor here. I feel amazing today. This office party is pretty lame. Jack from accounting was pretty mean today.i am in love with the decor here. I feel amazing today. This office party is pretty lame. Jack from accounting was pretty mean today.i am in love with the decor here. I feel amazing today. This office party is pretty lame. Jack from accounting was pretty mean today.i am in love with the decor here. I feel amazing today. This office party is pretty lame. Jack from accounting was pretty mean today.i am in love with the decor here. I feel amazing today. This office party is pretty lame. Jack from accounting was pretty mean today.i am in love with the decor here. I feel amazing today. This office party is pretty lame. Jack from accounting was pretty mean today.,feel amazing today.,11,1234
i am in love with the decor here. I feel amazing today. This office party is pretty lame. Jack from accounting was pretty mean today.i am in love with the decor here. I feel amazing today. This office party is pretty lame. Jack from accounting was pretty mean today.i am in love with the decor here. I feel amazing today. This office party is pretty lame. Jack from accounting was pretty mean today.i am in love with the decor here. I feel amazing today. This office party is pretty lame. Jack from accounting was pretty mean today.i am in love with the decor here. I feel amazing today. This office party is pretty lame. Jack from accounting was pretty mean today.i am in love with the decor here. I feel amazing today. This office party is pretty lame. Jack from accounting was pretty mean today.i am in love with the decor here. I feel amazing today. This office party is pretty lame. Jack from accounting was pretty mean today.i am in love with the decor here. I feel amazing today. This office party is pretty lame. Jack from accounting was pretty mean today.i am in love with the decor here. I feel amazing today. This office party is pretty lame. Jack from accounting was pretty mean today.i am in love with the decor here. I feel amazing today. This office party is pretty lame. Jack from accounting was pretty mean today.i am in love with the decor here. I feel amazing today. This office party is pretty lame. Jack from accounting was pretty mean today.,pretty mean today.,11,1234
i am in love with the decor here. I feel amazing today. This office party is pretty lame. Jack from accounting was pretty mean today.i am in love with the decor here. I feel amazing today. This office party is pretty lame. Jack from accounting was pretty mean today.i am in love with the decor here. I feel amazing today. This office party is pretty lame. Jack from accounting was pretty mean today.i am in love with the decor here. I feel amazing today. This office party is pretty lame. Jack from accounting was pretty mean today.i am in love with the decor here. I feel amazing today. This office party is pretty lame. Jack from accounting was pretty mean today.i am in love with the decor here. I feel amazing today. This office party is pretty lame. Jack from accounting was pretty mean today.i am in love with the decor here. I feel amazing today. This office party is pretty lame. Jack from accounting was pretty mean today.i am in love with the decor here. I feel amazing today. This office party is pretty lame. Jack from accounting was pretty mean today.i am in love with the decor here. I feel amazing today. This office party is pretty lame. Jack from accounting was pretty mean today.i am in love with the decor here. I feel amazing today. This office party is pretty lame. Jack from accounting was pretty mean today.i am in love with the decor here. I feel amazing today. This office party is pretty lame. Jack from accounting was pretty mean today.,pretty lame.,11,1234
i am in love with the decor here. I feel amazing today. This office party is pretty lame. Jack from accounting was pretty mean today.i am in love with the decor here. I feel amazing today. This office party is pretty lame. Jack from accounting was pretty mean today.i am in love with the decor here. I feel amazing today. This office party is pretty lame. Jack from accounting was pretty mean today.i am in love with the decor here. I feel amazing today. This office party is pretty lame. Jack from accounting was pretty mean today.i am in love with the decor here. I feel amazing today. This office party is pretty lame. Jack from accounting was pretty mean today.i am in love with the decor here. I feel amazing today. This office party is pretty lame. Jack from accounting was pretty mean today.i am in love with the decor here. I feel amazing today. This office party is pretty lame. Jack from accounting was pretty mean today.i am in love with the decor here. I feel amazing today. This office party is pretty lame. Jack from accounting was pretty mean today.i am in love with the decor here. I feel amazing today. This office party is pretty lame. Jack from accounting was pretty mean today.i am in love with the decor here. I feel amazing today. This office party is pretty lame. Jack from accounting was pretty mean today.i am in love with the decor here. I feel amazing today. This office party is pretty lame. Jack from accounting was pretty mean today.,office party,11,1234
i am in love with the decor here. I feel amazing today. This office party is pretty lame. Jack from accounting was pretty mean today.i am in love with the decor here. I feel amazing today. This office party is pretty lame. Jack from accounting was pretty mean today.i am in love with the decor here. I feel amazing today. This office party is pretty lame. Jack from accounting was pretty mean today.i am in love with the decor here. I feel amazing today. This office party is pretty lame. Jack from accounting was pretty mean today.i am in love with the decor here. I feel amazing today. This office party is pretty lame. Jack from accounting was pretty mean today.i am in love with the decor here. I feel amazing today. This office party is pretty lame. Jack from accounting was pretty mean today.i am in love with the decor here. I feel amazing today. This office party is pretty lame. Jack from accounting was pretty mean today.i am in love with the decor here. I feel amazing today. This office party is pretty lame. Jack from accounting was pretty mean today.i am in love with the decor here. I feel amazing today. This office party is pretty lame. Jack from accounting was pretty mean today.i am in love with the decor here. I feel amazing today. This office party is pretty lame. Jack from accounting was pretty mean today.i am in love with the decor here. I feel amazing today. This office party is pretty lame. Jack from accounting was pretty mean today.,love,11,1234
